Indicador,Nombre_Indicador,Año,Estado,Clave_Estado,Valor
6200089265,tomas_sin_macromedidor,2016,Aguascalientes,1,35
6200089265,tomas_sin_macromedidor,2018,Aguascalientes,1,38
6200089265,tomas_sin_macromedidor,2020,Aguascalientes,1,41
6200089265,tomas_sin_macromedidor,2016,Baja California,2,2
6200089265,tomas_sin_macromedidor,2018,Baja California,2,1
6200089265,tomas_sin_macromedidor,2020,Baja California,2,4
6200089265,tomas_sin_macromedidor,2016,Baja California Sur,3,28
6200089265,tomas_sin_macromedidor,2018,Baja California Sur,3,26
6200089265,tomas_sin_macromedidor,2020,Baja California Sur,3,28
6200089265,tomas_sin_macromedidor,2016,Campeche,4,197
6200089265,tomas_sin_macromedidor,2018,Campeche,4,153
6200089265,tomas_sin_macromedidor,2020,Campeche,4,151
6200089265,tomas_sin_macromedidor,2016,Coahuila,5,110
6200089265,tomas_sin_macromedidor,2018,Coahuila,5,115
6200089265,tomas_sin_macromedidor,2020,Coahuila,5,118
6200089265,tomas_sin_macromedidor,2016,Colima,6,143
6200089265,tomas_sin_macromedidor,2018,Colima,6,150
6200089265,tomas_sin_macromedidor,2020,Colima,6,151
6200089265,tomas_sin_macromedidor,2016,Chiapas,7,281
6200089265,tomas_sin_macromedidor,2018,Chiapas,7,269
6200089265,tomas_sin_macromedidor,2020,Chiapas,7,346
6200089265,tomas_sin_macromedidor,2016,Chihuahua,8,406
6200089265,tomas_sin_macromedidor,2018,Chihuahua,8,235
6200089265,tomas_sin_macromedidor,2020,Chihuahua,8,270
6200089265,tomas_sin_macromedidor,2016,Ciudad de México,9,705
6200089265,tomas_sin_macromedidor,2018,Ciudad de México,9,11
6200089265,tomas_sin_macromedidor,2020,Ciudad de México,9,46
6200089265,tomas_sin_macromedidor,2016,Durango,10,75
6200089265,tomas_sin_macromedidor,2018,Durango,10,65
6200089265,tomas_sin_macromedidor,2020,Durango,10,76
6200089265,tomas_sin_macromedidor,2016,Guanajuato,11,122
6200089265,tomas_sin_macromedidor,2018,Guanajuato,11,78
6200089265,tomas_sin_macromedidor,2020,Guanajuato,11,47
6200089265,tomas_sin_macromedidor,2016,Guerrero,12,315
6200089265,tomas_sin_macromedidor,2018,Guerrero,12,418
6200089265,tomas_sin_macromedidor,2020,Guerrero,12,453
6200089265,tomas_sin_macromedidor,2016,Hidalgo,13,577
6200089265,tomas_sin_macromedidor,2018,Hidalgo,13,652
6200089265,tomas_sin_macromedidor,2020,Hidalgo,13,692
6200089265,tomas_sin_macromedidor,2016,Jalisco,14,854
6200089265,tomas_sin_macromedidor,2018,Jalisco,14,900
6200089265,tomas_sin_macromedidor,2020,Jalisco,14,924
6200089265,tomas_sin_macromedidor,2016,Estado de México,15,343
6200089265,tomas_sin_macromedidor,2018,Estado de México,15,354
6200089265,tomas_sin_macromedidor,2020,Estado de México,15,451
6200089265,tomas_sin_macromedidor,2016,Michoacán,16,262
6200089265,tomas_sin_macromedidor,2018,Michoacán,16,260
6200089265,tomas_sin_macromedidor,2020,Michoacán,16,284
6200089265,tomas_sin_macromedidor,2016,Morelos,17,284
6200089265,tomas_sin_macromedidor,2018,Morelos,17,288
6200089265,tomas_sin_macromedidor,2020,Morelos,17,264
6200089265,tomas_sin_macromedidor,2016,Nayarit,18,255
6200089265,tomas_sin_macromedidor,2018,Nayarit,18,296
6200089265,tomas_sin_macromedidor,2020,Nayarit,18,321
6200089265,tomas_sin_macromedidor,2016,Nuevo León,19,3
6200089265,tomas_sin_macromedidor,2018,Nuevo León,19,1
6200089265,tomas_sin_macromedidor,2020,Nuevo León,19,0
6200089265,tomas_sin_macromedidor,2016,Oaxaca,20,1151
6200089265,tomas_sin_macromedidor,2018,Oaxaca,20,1187
6200089265,tomas_sin_macromedidor,2020,Oaxaca,20,1248
6200089265,tomas_sin_macromedidor,2016,Puebla,21,582
6200089265,tomas_sin_macromedidor,2018,Puebla,21,493
6200089265,tomas_sin_macromedidor,2020,Puebla,21,619
6200089265,tomas_sin_macromedidor,2016,Querétaro,22,5
6200089265,tomas_sin_macromedidor,2018,Querétaro,22,4
6200089265,tomas_sin_macromedidor,2020,Querétaro,22,4
6200089265,tomas_sin_macromedidor,2016,Quintana Roo,23,435
6200089265,tomas_sin_macromedidor,2018,Quintana Roo,23,436
6200089265,tomas_sin_macromedidor,2020,Quintana Roo,23,379
6200089265,tomas_sin_macromedidor,2016,San Luis Potosí,24,76
6200089265,tomas_sin_macromedidor,2018,San Luis Potosí,24,98
6200089265,tomas_sin_macromedidor,2020,San Luis Potosí,24,109
6200089265,tomas_sin_macromedidor,2016,Sinaloa,25,699
6200089265,tomas_sin_macromedidor,2018,Sinaloa,25,662
6200089265,tomas_sin_macromedidor,2020,Sinaloa,25,663
6200089265,tomas_sin_macromedidor,2016,Sonora,26,271
6200089265,tomas_sin_macromedidor,2018,Sonora,26,370
6200089265,tomas_sin_macromedidor,2020,Sonora,26,365
6200089265,tomas_sin_macromedidor,2016,Tabasco,27,704
6200089265,tomas_sin_macromedidor,2018,Tabasco,27,799
6200089265,tomas_sin_macromedidor,2020,Tabasco,27,782
6200089265,tomas_sin_macromedidor,2016,Tamaulipas,28,78
6200089265,tomas_sin_macromedidor,2018,Tamaulipas,28,77
6200089265,tomas_sin_macromedidor,2020,Tamaulipas,28,81
6200089265,tomas_sin_macromedidor,2016,Tlaxcala,29,129
6200089265,tomas_sin_macromedidor,2018,Tlaxcala,29,195
6200089265,tomas_sin_macromedidor,2020,Tlaxcala,29,176
6200089265,tomas_sin_macromedidor,2016,Veracruz,30,442
6200089265,tomas_sin_macromedidor,2018,Veracruz,30,584
6200089265,tomas_sin_macromedidor,2020,Veracruz,30,720
6200089265,tomas_sin_macromedidor,2016,Yucatán,31,411
6200089265,tomas_sin_macromedidor,2018,Yucatán,31,634
6200089265,tomas_sin_macromedidor,2020,Yucatán,31,737
6200089265,tomas_sin_macromedidor,2016,Zacatecas,32,196
6200089265,tomas_sin_macromedidor,2018,Zacatecas,32,298
6200089265,tomas_sin_macromedidor,2020,Zacatecas,32,320
6200089270,tomas_macromedidor_descompuesto,2016,Aguascalientes,1,53
6200089270,tomas_macromedidor_descompuesto,2018,Aguascalientes,1,43
6200089270,tomas_macromedidor_descompuesto,2020,Aguascalientes,1,23
6200089270,tomas_macromedidor_descompuesto,2016,Baja California,2,9
6200089270,tomas_macromedidor_descompuesto,2018,Baja California,2,3
6200089270,tomas_macromedidor_descompuesto,2020,Baja California,2,3
6200089270,tomas_macromedidor_descompuesto,2016,Baja California Sur,3,41
6200089270,tomas_macromedidor_descompuesto,2018,Baja California Sur,3,45
6200089270,tomas_macromedidor_descompuesto,2020,Baja California Sur,3,44
6200089270,tomas_macromedidor_descompuesto,2016,Campeche,4,243
6200089270,tomas_macromedidor_descompuesto,2018,Campeche,4,317
6200089270,tomas_macromedidor_descompuesto,2020,Campeche,4,318
6200089270,tomas_macromedidor_descompuesto,2016,Coahuila,5,17
6200089270,tomas_macromedidor_descompuesto,2018,Coahuila,5,53
6200089270,tomas_macromedidor_descompuesto,2020,Coahuila,5,58
6200089270,tomas_macromedidor_descompuesto,2016,Colima,6,66
6200089270,tomas_macromedidor_descompuesto,2018,Colima,6,67
6200089270,tomas_macromedidor_descompuesto,2020,Colima,6,103
6200089270,tomas_macromedidor_descompuesto,2016,Chiapas,7,27
6200089270,tomas_macromedidor_descompuesto,2018,Chiapas,7,49
6200089270,tomas_macromedidor_descompuesto,2020,Chiapas,7,40
6200089270,tomas_macromedidor_descompuesto,2016,Chihuahua,8,80
6200089270,tomas_macromedidor_descompuesto,2018,Chihuahua,8,62
6200089270,tomas_macromedidor_descompuesto,2020,Chihuahua,8,51
6200089270,tomas_macromedidor_descompuesto,2016,Ciudad de México,9,67
6200089270,tomas_macromedidor_descompuesto,2018,Ciudad de México,9,0
6200089270,tomas_macromedidor_descompuesto,2020,Ciudad de México,9,36
6200089270,tomas_macromedidor_descompuesto,2016,Durango,10,71
6200089270,tomas_macromedidor_descompuesto,2018,Durango,10,64
6200089270,tomas_macromedidor_descompuesto,2020,Durango,10,66
6200089270,tomas_macromedidor_descompuesto,2016,Guanajuato,11,41
6200089270,tomas_macromedidor_descompuesto,2018,Guanajuato,11,45
6200089270,tomas_macromedidor_descompuesto,2020,Guanajuato,11,50
6200089270,tomas_macromedidor_descompuesto,2016,Guerrero,12,31
6200089270,tomas_macromedidor_descompuesto,2018,Guerrero,12,50
6200089270,tomas_macromedidor_descompuesto,2020,Guerrero,12,37
6200089270,tomas_macromedidor_descompuesto,2016,Hidalgo,13,77
6200089270,tomas_macromedidor_descompuesto,2018,Hidalgo,13,112
6200089270,tomas_macromedidor_descompuesto,2020,Hidalgo,13,142
6200089270,tomas_macromedidor_descompuesto,2016,Jalisco,14,253
6200089270,tomas_macromedidor_descompuesto,2018,Jalisco,14,271
6200089270,tomas_macromedidor_descompuesto,2020,Jalisco,14,262
6200089270,tomas_macromedidor_descompuesto,2016,Estado de México,15,257
6200089270,tomas_macromedidor_descompuesto,2018,Estado de México,15,131
6200089270,tomas_macromedidor_descompuesto,2020,Estado de México,15,268
6200089270,tomas_macromedidor_descompuesto,2016,Michoacán,16,143
6200089270,tomas_macromedidor_descompuesto,2018,Michoacán,16,140
6200089270,tomas_macromedidor_descompuesto,2020,Michoacán,16,153
6200089270,tomas_macromedidor_descompuesto,2016,Morelos,17,54
6200089270,tomas_macromedidor_descompuesto,2018,Morelos,17,74
6200089270,tomas_macromedidor_descompuesto,2020,Morelos,17,86
6200089270,tomas_macromedidor_descompuesto,2016,Nayarit,18,47
6200089270,tomas_macromedidor_descompuesto,2018,Nayarit,18,51
6200089270,tomas_macromedidor_descompuesto,2020,Nayarit,18,53
6200089270,tomas_macromedidor_descompuesto,2016,Nuevo León,19,22
6200089270,tomas_macromedidor_descompuesto,2018,Nuevo León,19,24
6200089270,tomas_macromedidor_descompuesto,2020,Nuevo León,19,42
6200089270,tomas_macromedidor_descompuesto,2016,Oaxaca,20,120
6200089270,tomas_macromedidor_descompuesto,2018,Oaxaca,20,121
6200089270,tomas_macromedidor_descompuesto,2020,Oaxaca,20,99
6200089270,tomas_macromedidor_descompuesto,2016,Puebla,21,50
6200089270,tomas_macromedidor_descompuesto,2018,Puebla,21,51
6200089270,tomas_macromedidor_descompuesto,2020,Puebla,21,69
6200089270,tomas_macromedidor_descompuesto,2016,Querétaro,22,1
6200089270,tomas_macromedidor_descompuesto,2018,Querétaro,22,0
6200089270,tomas_macromedidor_descompuesto,2020,Querétaro,22,1
6200089270,tomas_macromedidor_descompuesto,2016,Quintana Roo,23,104
6200089270,tomas_macromedidor_descompuesto,2018,Quintana Roo,23,68
6200089270,tomas_macromedidor_descompuesto,2020,Quintana Roo,23,129
6200089270,tomas_macromedidor_descompuesto,2016,San Luis Potosí,24,23
6200089270,tomas_macromedidor_descompuesto,2018,San Luis Potosí,24,75
6200089270,tomas_macromedidor_descompuesto,2020,San Luis Potosí,24,52
6200089270,tomas_macromedidor_descompuesto,2016,Sinaloa,25,56
6200089270,tomas_macromedidor_descompuesto,2018,Sinaloa,25,93
6200089270,tomas_macromedidor_descompuesto,2020,Sinaloa,25,90
6200089270,tomas_macromedidor_descompuesto,2016,Sonora,26,143
6200089270,tomas_macromedidor_descompuesto,2018,Sonora,26,86
6200089270,tomas_macromedidor_descompuesto,2020,Sonora,26,122
6200089270,tomas_macromedidor_descompuesto,2016,Tabasco,27,2
6200089270,tomas_macromedidor_descompuesto,2018,Tabasco,27,3
6200089270,tomas_macromedidor_descompuesto,2020,Tabasco,27,7
6200089270,tomas_macromedidor_descompuesto,2016,Tamaulipas,28,22
6200089270,tomas_macromedidor_descompuesto,2018,Tamaulipas,28,56
6200089270,tomas_macromedidor_descompuesto,2020,Tamaulipas,28,50
6200089270,tomas_macromedidor_descompuesto,2016,Tlaxcala,29,59
6200089270,tomas_macromedidor_descompuesto,2018,Tlaxcala,29,78
6200089270,tomas_macromedidor_descompuesto,2020,Tlaxcala,29,92
6200089270,tomas_macromedidor_descompuesto,2016,Veracruz,30,151
6200089270,tomas_macromedidor_descompuesto,2018,Veracruz,30,154
6200089270,tomas_macromedidor_descompuesto,2020,Veracruz,30,204
6200089270,tomas_macromedidor_descompuesto,2016,Yucatán,31,539
6200089270,tomas_macromedidor_descompuesto,2018,Yucatán,31,379
6200089270,tomas_macromedidor_descompuesto,2020,Yucatán,31,228
6200089270,tomas_macromedidor_descompuesto,2016,Zacatecas,32,182
6200089270,tomas_macromedidor_descompuesto,2018,Zacatecas,32,340
6200089270,tomas_macromedidor_descompuesto,2020,Zacatecas,32,514
6200089271,tomas_macromedidor_funcionando,2016,Aguascalientes,1,408
6200089271,tomas_macromedidor_funcionando,2018,Aguascalientes,1,421
6200089271,tomas_macromedidor_funcionando,2020,Aguascalientes,1,437
6200089271,tomas_macromedidor_funcionando,2016,Baja California,2,112
6200089271,tomas_macromedidor_funcionando,2018,Baja California,2,117
6200089271,tomas_macromedidor_funcionando,2020,Baja California,2,119
6200089271,tomas_macromedidor_funcionando,2016,Baja California Sur,3,92
6200089271,tomas_macromedidor_funcionando,2018,Baja California Sur,3,86
6200089271,tomas_macromedidor_funcionando,2020,Baja California Sur,3,94
6200089271,tomas_macromedidor_funcionando,2016,Campeche,4,116
6200089271,tomas_macromedidor_funcionando,2018,Campeche,4,50
6200089271,tomas_macromedidor_funcionando,2020,Campeche,4,60
6200089271,tomas_macromedidor_funcionando,2016,Coahuila,5,251
6200089271,tomas_macromedidor_funcionando,2018,Coahuila,5,215
6200089271,tomas_macromedidor_funcionando,2020,Coahuila,5,223
6200089271,tomas_macromedidor_funcionando,2016,Colima,6,120
6200089271,tomas_macromedidor_funcionando,2018,Colima,6,126
6200089271,tomas_macromedidor_funcionando,2020,Colima,6,101
6200089271,tomas_macromedidor_funcionando,2016,Chiapas,7,60
6200089271,tomas_macromedidor_funcionando,2018,Chiapas,7,56
6200089271,tomas_macromedidor_funcionando,2020,Chiapas,7,67
6200089271,tomas_macromedidor_funcionando,2016,Chihuahua,8,505
6200089271,tomas_macromedidor_funcionando,2018,Chihuahua,8,504
6200089271,tomas_macromedidor_funcionando,2020,Chihuahua,8,550
6200089271,tomas_macromedidor_funcionando,2016,Ciudad de México,9,153
6200089271,tomas_macromedidor_funcionando,2018,Ciudad de México,9,543
6200089271,tomas_macromedidor_funcionando,2020,Ciudad de México,9,432
6200089271,tomas_macromedidor_funcionando,2016,Durango,10,146
6200089271,tomas_macromedidor_funcionando,2018,Durango,10,167
6200089271,tomas_macromedidor_funcionando,2020,Durango,10,207
6200089271,tomas_macromedidor_funcionando,2016,Guanajuato,11,538
6200089271,tomas_macromedidor_funcionando,2018,Guanajuato,11,695
6200089271,tomas_macromedidor_funcionando,2020,Guanajuato,11,732
6200089271,tomas_macromedidor_funcionando,2016,Guerrero,12,49
6200089271,tomas_macromedidor_funcionando,2018,Guerrero,12,18
6200089271,tomas_macromedidor_funcionando,2020,Guerrero,12,26
6200089271,tomas_macromedidor_funcionando,2016,Hidalgo,13,300
6200089271,tomas_macromedidor_funcionando,2018,Hidalgo,13,324
6200089271,tomas_macromedidor_funcionando,2020,Hidalgo,13,302
6200089271,tomas_macromedidor_funcionando,2016,Jalisco,14,629
6200089271,tomas_macromedidor_funcionando,2018,Jalisco,14,659
6200089271,tomas_macromedidor_funcionando,2020,Jalisco,14,755
6200089271,tomas_macromedidor_funcionando,2016,Estado de México,15,673
6200089271,tomas_macromedidor_funcionando,2018,Estado de México,15,990
6200089271,tomas_macromedidor_funcionando,2020,Estado de México,15,896
6200089271,tomas_macromedidor_funcionando,2016,Michoacán,16,292
6200089271,tomas_macromedidor_funcionando,2018,Michoacán,16,332
6200089271,tomas_macromedidor_funcionando,2020,Michoacán,16,327
6200089271,tomas_macromedidor_funcionando,2016,Morelos,17,153
6200089271,tomas_macromedidor_funcionando,2018,Morelos,17,191
6200089271,tomas_macromedidor_funcionando,2020,Morelos,17,210
6200089271,tomas_macromedidor_funcionando,2016,Nayarit,18,98
6200089271,tomas_macromedidor_funcionando,2018,Nayarit,18,91
6200089271,tomas_macromedidor_funcionando,2020,Nayarit,18,106
6200089271,tomas_macromedidor_funcionando,2016,Nuevo León,19,403
6200089271,tomas_macromedidor_funcionando,2018,Nuevo León,19,337
6200089271,tomas_macromedidor_funcionando,2020,Nuevo León,19,382
6200089271,tomas_macromedidor_funcionando,2016,Oaxaca,20,162
6200089271,tomas_macromedidor_funcionando,2018,Oaxaca,20,209
6200089271,tomas_macromedidor_funcionando,2020,Oaxaca,20,290
6200089271,tomas_macromedidor_funcionando,2016,Puebla,21,403
6200089271,tomas_macromedidor_funcionando,2018,Puebla,21,359
6200089271,tomas_macromedidor_funcionando,2020,Puebla,21,412
6200089271,tomas_macromedidor_funcionando,2016,Querétaro,22,321
6200089271,tomas_macromedidor_funcionando,2018,Querétaro,22,326
6200089271,tomas_macromedidor_funcionando,2020,Querétaro,22,319
6200089271,tomas_macromedidor_funcionando,2016,Quintana Roo,23,144
6200089271,tomas_macromedidor_funcionando,2018,Quintana Roo,23,177
6200089271,tomas_macromedidor_funcionando,2020,Quintana Roo,23,186
6200089271,tomas_macromedidor_funcionando,2016,San Luis Potosí,24,206
6200089271,tomas_macromedidor_funcionando,2018,San Luis Potosí,24,181
6200089271,tomas_macromedidor_funcionando,2020,San Luis Potosí,24,169
6200089271,tomas_macromedidor_funcionando,2016,Sinaloa,25,41
6200089271,tomas_macromedidor_funcionando,2018,Sinaloa,25,85
6200089271,tomas_macromedidor_funcionando,2020,Sinaloa,25,56
6200089271,tomas_macromedidor_funcionando,2016,Sonora,26,184
6200089271,tomas_macromedidor_funcionando,2018,Sonora,26,253
6200089271,tomas_macromedidor_funcionando,2020,Sonora,26,282
6200089271,tomas_macromedidor_funcionando,2016,Tabasco,27,0
6200089271,tomas_macromedidor_funcionando,2018,Tabasco,27,1
6200089271,tomas_macromedidor_funcionando,2020,Tabasco,27,4
6200089271,tomas_macromedidor_funcionando,2016,Tamaulipas,28,37
6200089271,tomas_macromedidor_funcionando,2018,Tamaulipas,28,47
6200089271,tomas_macromedidor_funcionando,2020,Tamaulipas,28,48
6200089271,tomas_macromedidor_funcionando,2016,Tlaxcala,29,137
6200089271,tomas_macromedidor_funcionando,2018,Tlaxcala,29,214
6200089271,tomas_macromedidor_funcionando,2020,Tlaxcala,29,228
6200089271,tomas_macromedidor_funcionando,2016,Veracruz,30,197
6200089271,tomas_macromedidor_funcionando,2018,Veracruz,30,249
6200089271,tomas_macromedidor_funcionando,2020,Veracruz,30,283
6200089271,tomas_macromedidor_funcionando,2016,Yucatán,31,230
6200089271,tomas_macromedidor_funcionando,2018,Yucatán,31,215
6200089271,tomas_macromedidor_funcionando,2020,Yucatán,31,311
6200089271,tomas_macromedidor_funcionando,2016,Zacatecas,32,171
6200089271,tomas_macromedidor_funcionando,2018,Zacatecas,32,176
6200089271,tomas_macromedidor_funcionando,2020,Zacatecas,32,254
6200089278,descargas_sin_tratamiento_rio,2016,Aguascalientes,1,165
6200089278,descargas_sin_tratamiento_rio,2018,Aguascalientes,1,83
6200089278,descargas_sin_tratamiento_rio,2020,Aguascalientes,1,121
6200089278,descargas_sin_tratamiento_rio,2016,Baja California,2,2
6200089278,descargas_sin_tratamiento_rio,2018,Baja California,2,2
6200089278,descargas_sin_tratamiento_rio,2020,Baja California,2,1
6200089278,descargas_sin_tratamiento_rio,2016,Baja California Sur,3,0
6200089278,descargas_sin_tratamiento_rio,2018,Baja California Sur,3,0
6200089278,descargas_sin_tratamiento_rio,2020,Baja California Sur,3,0
6200089278,descargas_sin_tratamiento_rio,2016,Campeche,4,0
6200089278,descargas_sin_tratamiento_rio,2018,Campeche,4,0
6200089278,descargas_sin_tratamiento_rio,2020,Campeche,4,0
6200089278,descargas_sin_tratamiento_rio,2016,Coahuila,5,6
6200089278,descargas_sin_tratamiento_rio,2018,Coahuila,5,5
6200089278,descargas_sin_tratamiento_rio,2020,Coahuila,5,5
6200089278,descargas_sin_tratamiento_rio,2016,Colima,6,0
6200089278,descargas_sin_tratamiento_rio,2018,Colima,6,0
6200089278,descargas_sin_tratamiento_rio,2020,Colima,6,1
6200089278,descargas_sin_tratamiento_rio,2016,Chiapas,7,172
6200089278,descargas_sin_tratamiento_rio,2018,Chiapas,7,197
6200089278,descargas_sin_tratamiento_rio,2020,Chiapas,7,230
6200089278,descargas_sin_tratamiento_rio,2016,Chihuahua,8,21
6200089278,descargas_sin_tratamiento_rio,2018,Chihuahua,8,8
6200089278,descargas_sin_tratamiento_rio,2020,Chihuahua,8,9
6200089278,descargas_sin_tratamiento_rio,2016,Ciudad de México,9,14
6200089278,descargas_sin_tratamiento_rio,2018,Ciudad de México,9,12
6200089278,descargas_sin_tratamiento_rio,2020,Ciudad de México,9,24
6200089278,descargas_sin_tratamiento_rio,2016,Durango,10,6
6200089278,descargas_sin_tratamiento_rio,2018,Durango,10,6
6200089278,descargas_sin_tratamiento_rio,2020,Durango,10,13
6200089278,descargas_sin_tratamiento_rio,2016,Guanajuato,11,21
6200089278,descargas_sin_tratamiento_rio,2018,Guanajuato,11,25
6200089278,descargas_sin_tratamiento_rio,2020,Guanajuato,11,38
6200089278,descargas_sin_tratamiento_rio,2016,Guerrero,12,73
6200089278,descargas_sin_tratamiento_rio,2018,Guerrero,12,103
6200089278,descargas_sin_tratamiento_rio,2020,Guerrero,12,103
6200089278,descargas_sin_tratamiento_rio,2016,Hidalgo,13,221
6200089278,descargas_sin_tratamiento_rio,2018,Hidalgo,13,189
6200089278,descargas_sin_tratamiento_rio,2020,Hidalgo,13,225
6200089278,descargas_sin_tratamiento_rio,2016,Jalisco,14,339
6200089278,descargas_sin_tratamiento_rio,2018,Jalisco,14,339
6200089278,descargas_sin_tratamiento_rio,2020,Jalisco,14,318
6200089278,descargas_sin_tratamiento_rio,2016,Estado de México,15,310
6200089278,descargas_sin_tratamiento_rio,2018,Estado de México,15,287
6200089278,descargas_sin_tratamiento_rio,2020,Estado de México,15,317
6200089278,descargas_sin_tratamiento_rio,2016,Michoacán,16,179
6200089278,descargas_sin_tratamiento_rio,2018,Michoacán,16,216
6200089278,descargas_sin_tratamiento_rio,2020,Michoacán,16,258
6200089278,descargas_sin_tratamiento_rio,2016,Morelos,17,53
6200089278,descargas_sin_tratamiento_rio,2018,Morelos,17,29
6200089278,descargas_sin_tratamiento_rio,2020,Morelos,17,33
6200089278,descargas_sin_tratamiento_rio,2016,Nayarit,18,1
6200089278,descargas_sin_tratamiento_rio,2018,Nayarit,18,1
6200089278,descargas_sin_tratamiento_rio,2020,Nayarit,18,2
6200089278,descargas_sin_tratamiento_rio,2016,Nuevo León,19,0
6200089278,descargas_sin_tratamiento_rio,2018,Nuevo León,19,1
6200089278,descargas_sin_tratamiento_rio,2020,Nuevo León,19,0
6200089278,descargas_sin_tratamiento_rio,2016,Oaxaca,20,143
6200089278,descargas_sin_tratamiento_rio,2018,Oaxaca,20,155
6200089278,descargas_sin_tratamiento_rio,2020,Oaxaca,20,188
6200089278,descargas_sin_tratamiento_rio,2016,Puebla,21,121
6200089278,descargas_sin_tratamiento_rio,2018,Puebla,21,69
6200089278,descargas_sin_tratamiento_rio,2020,Puebla,21,125
6200089278,descargas_sin_tratamiento_rio,2016,Querétaro,22,25
6200089278,descargas_sin_tratamiento_rio,2018,Querétaro,22,27
6200089278,descargas_sin_tratamiento_rio,2020,Querétaro,22,26
6200089278,descargas_sin_tratamiento_rio,2016,Quintana Roo,23,0
6200089278,descargas_sin_tratamiento_rio,2018,Quintana Roo,23,0
6200089278,descargas_sin_tratamiento_rio,2020,Quintana Roo,23,0
6200089278,descargas_sin_tratamiento_rio,2016,San Luis Potosí,24,96
6200089278,descargas_sin_tratamiento_rio,2018,San Luis Potosí,24,91
6200089278,descargas_sin_tratamiento_rio,2020,San Luis Potosí,24,104
6200089278,descargas_sin_tratamiento_rio,2016,Sinaloa,25,28
6200089278,descargas_sin_tratamiento_rio,2018,Sinaloa,25,25
6200089278,descargas_sin_tratamiento_rio,2020,Sinaloa,25,15
6200089278,descargas_sin_tratamiento_rio,2016,Sonora,26,20
6200089278,descargas_sin_tratamiento_rio,2018,Sonora,26,8
6200089278,descargas_sin_tratamiento_rio,2020,Sonora,26,30
6200089278,descargas_sin_tratamiento_rio,2016,Tabasco,27,144
6200089278,descargas_sin_tratamiento_rio,2018,Tabasco,27,125
6200089278,descargas_sin_tratamiento_rio,2020,Tabasco,27,136
6200089278,descargas_sin_tratamiento_rio,2016,Tamaulipas,28,15
6200089278,descargas_sin_tratamiento_rio,2018,Tamaulipas,28,27
6200089278,descargas_sin_tratamiento_rio,2020,Tamaulipas,28,34
6200089278,descargas_sin_tratamiento_rio,2016,Tlaxcala,29,58
6200089278,descargas_sin_tratamiento_rio,2018,Tlaxcala,29,77
6200089278,descargas_sin_tratamiento_rio,2020,Tlaxcala,29,60
6200089278,descargas_sin_tratamiento_rio,2016,Veracruz,30,172
6200089278,descargas_sin_tratamiento_rio,2018,Veracruz,30,232
6200089278,descargas_sin_tratamiento_rio,2020,Veracruz,30,371
6200089278,descargas_sin_tratamiento_rio,2016,Yucatán,31,0
6200089278,descargas_sin_tratamiento_rio,2018,Yucatán,31,0
6200089278,descargas_sin_tratamiento_rio,2020,Yucatán,31,0
6200089278,descargas_sin_tratamiento_rio,2016,Zacatecas,32,138
6200089278,descargas_sin_tratamiento_rio,2018,Zacatecas,32,146
6200089278,descargas_sin_tratamiento_rio,2020,Zacatecas,32,239
6200089280,descargas_sin_tratamiento_mar,2016,Aguascalientes,1,0
6200089280,descargas_sin_tratamiento_mar,2018,Aguascalientes,1,0
6200089280,descargas_sin_tratamiento_mar,2020,Aguascalientes,1,0
6200089280,descargas_sin_tratamiento_mar,2016,Baja California,2,0
6200089280,descargas_sin_tratamiento_mar,2018,Baja California,2,0
6200089280,descargas_sin_tratamiento_mar,2020,Baja California,2,0
6200089280,descargas_sin_tratamiento_mar,2016,Baja California Sur,3,1
6200089280,descargas_sin_tratamiento_mar,2018,Baja California Sur,3,1
6200089280,descargas_sin_tratamiento_mar,2020,Baja California Sur,3,0
6200089280,descargas_sin_tratamiento_mar,2016,Campeche,4,1
6200089280,descargas_sin_tratamiento_mar,2018,Campeche,4,0
6200089280,descargas_sin_tratamiento_mar,2020,Campeche,4,1
6200089280,descargas_sin_tratamiento_mar,2016,Coahuila,5,0
6200089280,descargas_sin_tratamiento_mar,2018,Coahuila,5,0
6200089280,descargas_sin_tratamiento_mar,2020,Coahuila,5,0
6200089280,descargas_sin_tratamiento_mar,2016,Colima,6,0
6200089280,descargas_sin_tratamiento_mar,2018,Colima,6,0
6200089280,descargas_sin_tratamiento_mar,2020,Colima,6,0
6200089280,descargas_sin_tratamiento_mar,2016,Chiapas,7,0
6200089280,descargas_sin_tratamiento_mar,2018,Chiapas,7,0
6200089280,descargas_sin_tratamiento_mar,2020,Chiapas,7,0
6200089280,descargas_sin_tratamiento_mar,2016,Chihuahua,8,0
6200089280,descargas_sin_tratamiento_mar,2018,Chihuahua,8,0
6200089280,descargas_sin_tratamiento_mar,2020,Chihuahua,8,0
6200089280,descargas_sin_tratamiento_mar,2016,Ciudad de México,9,0
6200089280,descargas_sin_tratamiento_mar,2018,Ciudad de México,9,0
6200089280,descargas_sin_tratamiento_mar,2020,Ciudad de México,9,0
6200089280,descargas_sin_tratamiento_mar,2016,Durango,10,0
6200089280,descargas_sin_tratamiento_mar,2018,Durango,10,0
6200089280,descargas_sin_tratamiento_mar,2020,Durango,10,0
6200089280,descargas_sin_tratamiento_mar,2016,Guanajuato,11,0
6200089280,descargas_sin_tratamiento_mar,2018,Guanajuato,11,0
6200089280,descargas_sin_tratamiento_mar,2020,Guanajuato,11,0
6200089280,descargas_sin_tratamiento_mar,2016,Guerrero,12,0
6200089280,descargas_sin_tratamiento_mar,2018,Guerrero,12,0
6200089280,descargas_sin_tratamiento_mar,2020,Guerrero,12,3
6200089280,descargas_sin_tratamiento_mar,2016,Hidalgo,13,0
6200089280,descargas_sin_tratamiento_mar,2018,Hidalgo,13,0
6200089280,descargas_sin_tratamiento_mar,2020,Hidalgo,13,0
6200089280,descargas_sin_tratamiento_mar,2016,Jalisco,14,0
6200089280,descargas_sin_tratamiento_mar,2018,Jalisco,14,0
6200089280,descargas_sin_tratamiento_mar,2020,Jalisco,14,0
6200089280,descargas_sin_tratamiento_mar,2016,Estado de México,15,0
6200089280,descargas_sin_tratamiento_mar,2018,Estado de México,15,0
6200089280,descargas_sin_tratamiento_mar,2020,Estado de México,15,0
6200089280,descargas_sin_tratamiento_mar,2016,Michoacán,16,0
6200089280,descargas_sin_tratamiento_mar,2018,Michoacán,16,0
6200089280,descargas_sin_tratamiento_mar,2020,Michoacán,16,0
6200089280,descargas_sin_tratamiento_mar,2016,Morelos,17,0
6200089280,descargas_sin_tratamiento_mar,2018,Morelos,17,0
6200089280,descargas_sin_tratamiento_mar,2020,Morelos,17,0
6200089280,descargas_sin_tratamiento_mar,2016,Nayarit,18,0
6200089280,descargas_sin_tratamiento_mar,2018,Nayarit,18,0
6200089280,descargas_sin_tratamiento_mar,2020,Nayarit,18,0
6200089280,descargas_sin_tratamiento_mar,2016,Nuevo León,19,0
6200089280,descargas_sin_tratamiento_mar,2018,Nuevo León,19,0
6200089280,descargas_sin_tratamiento_mar,2020,Nuevo León,19,0
6200089280,descargas_sin_tratamiento_mar,2016,Oaxaca,20,0
6200089280,descargas_sin_tratamiento_mar,2018,Oaxaca,20,3
6200089280,descargas_sin_tratamiento_mar,2020,Oaxaca,20,2
6200089280,descargas_sin_tratamiento_mar,2016,Puebla,21,0
6200089280,descargas_sin_tratamiento_mar,2018,Puebla,21,0
6200089280,descargas_sin_tratamiento_mar,2020,Puebla,21,0
6200089280,descargas_sin_tratamiento_mar,2016,Querétaro,22,0
6200089280,descargas_sin_tratamiento_mar,2018,Querétaro,22,0
6200089280,descargas_sin_tratamiento_mar,2020,Querétaro,22,0
6200089280,descargas_sin_tratamiento_mar,2016,Quintana Roo,23,0
6200089280,descargas_sin_tratamiento_mar,2018,Quintana Roo,23,0
6200089280,descargas_sin_tratamiento_mar,2020,Quintana Roo,23,0
6200089280,descargas_sin_tratamiento_mar,2016,San Luis Potosí,24,0
6200089280,descargas_sin_tratamiento_mar,2018,San Luis Potosí,24,0
6200089280,descargas_sin_tratamiento_mar,2020,San Luis Potosí,24,0
6200089280,descargas_sin_tratamiento_mar,2016,Sinaloa,25,0
6200089280,descargas_sin_tratamiento_mar,2018,Sinaloa,25,0
6200089280,descargas_sin_tratamiento_mar,2020,Sinaloa,25,0
6200089280,descargas_sin_tratamiento_mar,2016,Sonora,26,0
6200089280,descargas_sin_tratamiento_mar,2018,Sonora,26,0
6200089280,descargas_sin_tratamiento_mar,2020,Sonora,26,10
6200089280,descargas_sin_tratamiento_mar,2016,Tabasco,27,3
6200089280,descargas_sin_tratamiento_mar,2018,Tabasco,27,4
6200089280,descargas_sin_tratamiento_mar,2020,Tabasco,27,0
6200089280,descargas_sin_tratamiento_mar,2016,Tamaulipas,28,0
6200089280,descargas_sin_tratamiento_mar,2018,Tamaulipas,28,1
6200089280,descargas_sin_tratamiento_mar,2020,Tamaulipas,28,11
6200089280,descargas_sin_tratamiento_mar,2016,Tlaxcala,29,0
6200089280,descargas_sin_tratamiento_mar,2018,Tlaxcala,29,0
6200089280,descargas_sin_tratamiento_mar,2020,Tlaxcala,29,0
6200089280,descargas_sin_tratamiento_mar,2016,Veracruz,30,1
6200089280,descargas_sin_tratamiento_mar,2018,Veracruz,30,0
6200089280,descargas_sin_tratamiento_mar,2020,Veracruz,30,8
6200089280,descargas_sin_tratamiento_mar,2016,Yucatán,31,0
6200089280,descargas_sin_tratamiento_mar,2018,Yucatán,31,0
6200089280,descargas_sin_tratamiento_mar,2020,Yucatán,31,0
6200089280,descargas_sin_tratamiento_mar,2016,Zacatecas,32,0
6200089280,descargas_sin_tratamiento_mar,2018,Zacatecas,32,0
6200089280,descargas_sin_tratamiento_mar,2020,Zacatecas,32,0
6200089281,descargas_sin_tratamiento_lago,2016,Aguascalientes,1,11
6200089281,descargas_sin_tratamiento_lago,2018,Aguascalientes,1,0
6200089281,descargas_sin_tratamiento_lago,2020,Aguascalientes,1,0
6200089281,descargas_sin_tratamiento_lago,2016,Baja California,2,0
6200089281,descargas_sin_tratamiento_lago,2018,Baja California,2,0
6200089281,descargas_sin_tratamiento_lago,2020,Baja California,2,0
6200089281,descargas_sin_tratamiento_lago,2016,Baja California Sur,3,0
6200089281,descargas_sin_tratamiento_lago,2018,Baja California Sur,3,0
6200089281,descargas_sin_tratamiento_lago,2020,Baja California Sur,3,0
6200089281,descargas_sin_tratamiento_lago,2016,Campeche,4,0
6200089281,descargas_sin_tratamiento_lago,2018,Campeche,4,0
6200089281,descargas_sin_tratamiento_lago,2020,Campeche,4,0
6200089281,descargas_sin_tratamiento_lago,2016,Coahuila,5,0
6200089281,descargas_sin_tratamiento_lago,2018,Coahuila,5,4
6200089281,descargas_sin_tratamiento_lago,2020,Coahuila,5,0
6200089281,descargas_sin_tratamiento_lago,2016,Colima,6,6
6200089281,descargas_sin_tratamiento_lago,2018,Colima,6,1
6200089281,descargas_sin_tratamiento_lago,2020,Colima,6,0
6200089281,descargas_sin_tratamiento_lago,2016,Chiapas,7,4
6200089281,descargas_sin_tratamiento_lago,2018,Chiapas,7,7
6200089281,descargas_sin_tratamiento_lago,2020,Chiapas,7,1
6200089281,descargas_sin_tratamiento_lago,2016,Chihuahua,8,0
6200089281,descargas_sin_tratamiento_lago,2018,Chihuahua,8,0
6200089281,descargas_sin_tratamiento_lago,2020,Chihuahua,8,0
6200089281,descargas_sin_tratamiento_lago,2016,Ciudad de México,9,0
6200089281,descargas_sin_tratamiento_lago,2018,Ciudad de México,9,0
6200089281,descargas_sin_tratamiento_lago,2020,Ciudad de México,9,0
6200089281,descargas_sin_tratamiento_lago,2016,Durango,10,0
6200089281,descargas_sin_tratamiento_lago,2018,Durango,10,0
6200089281,descargas_sin_tratamiento_lago,2020,Durango,10,0
6200089281,descargas_sin_tratamiento_lago,2016,Guanajuato,11,1
6200089281,descargas_sin_tratamiento_lago,2018,Guanajuato,11,4
6200089281,descargas_sin_tratamiento_lago,2020,Guanajuato,11,0
6200089281,descargas_sin_tratamiento_lago,2016,Guerrero,12,32
6200089281,descargas_sin_tratamiento_lago,2018,Guerrero,12,33
6200089281,descargas_sin_tratamiento_lago,2020,Guerrero,12,4
6200089281,descargas_sin_tratamiento_lago,2016,Hidalgo,13,2
6200089281,descargas_sin_tratamiento_lago,2018,Hidalgo,13,1
6200089281,descargas_sin_tratamiento_lago,2020,Hidalgo,13,0
6200089281,descargas_sin_tratamiento_lago,2016,Jalisco,14,20
6200089281,descargas_sin_tratamiento_lago,2018,Jalisco,14,24
6200089281,descargas_sin_tratamiento_lago,2020,Jalisco,14,3
6200089281,descargas_sin_tratamiento_lago,2016,Estado de México,15,9
6200089281,descargas_sin_tratamiento_lago,2018,Estado de México,15,7
6200089281,descargas_sin_tratamiento_lago,2020,Estado de México,15,8
6200089281,descargas_sin_tratamiento_lago,2016,Michoacán,16,19
6200089281,descargas_sin_tratamiento_lago,2018,Michoacán,16,13
6200089281,descargas_sin_tratamiento_lago,2020,Michoacán,16,20
6200089281,descargas_sin_tratamiento_lago,2016,Morelos,17,0
6200089281,descargas_sin_tratamiento_lago,2018,Morelos,17,0
6200089281,descargas_sin_tratamiento_lago,2020,Morelos,17,0
6200089281,descargas_sin_tratamiento_lago,2016,Nayarit,18,0
6200089281,descargas_sin_tratamiento_lago,2018,Nayarit,18,0
6200089281,descargas_sin_tratamiento_lago,2020,Nayarit,18,0
6200089281,descargas_sin_tratamiento_lago,2016,Nuevo León,19,0
6200089281,descargas_sin_tratamiento_lago,2018,Nuevo León,19,0
6200089281,descargas_sin_tratamiento_lago,2020,Nuevo León,19,0
6200089281,descargas_sin_tratamiento_lago,2016,Oaxaca,20,6
6200089281,descargas_sin_tratamiento_lago,2018,Oaxaca,20,4
6200089281,descargas_sin_tratamiento_lago,2020,Oaxaca,20,4
6200089281,descargas_sin_tratamiento_lago,2016,Puebla,21,15
6200089281,descargas_sin_tratamiento_lago,2018,Puebla,21,7
6200089281,descargas_sin_tratamiento_lago,2020,Puebla,21,0
6200089281,descargas_sin_tratamiento_lago,2016,Querétaro,22,1
6200089281,descargas_sin_tratamiento_lago,2018,Querétaro,22,3
6200089281,descargas_sin_tratamiento_lago,2020,Querétaro,22,5
6200089281,descargas_sin_tratamiento_lago,2016,Quintana Roo,23,0
6200089281,descargas_sin_tratamiento_lago,2018,Quintana Roo,23,0
6200089281,descargas_sin_tratamiento_lago,2020,Quintana Roo,23,0
6200089281,descargas_sin_tratamiento_lago,2016,San Luis Potosí,24,2
6200089281,descargas_sin_tratamiento_lago,2018,San Luis Potosí,24,1
6200089281,descargas_sin_tratamiento_lago,2020,San Luis Potosí,24,2
6200089281,descargas_sin_tratamiento_lago,2016,Sinaloa,25,0
6200089281,descargas_sin_tratamiento_lago,2018,Sinaloa,25,0
6200089281,descargas_sin_tratamiento_lago,2020,Sinaloa,25,0
6200089281,descargas_sin_tratamiento_lago,2016,Sonora,26,80
6200089281,descargas_sin_tratamiento_lago,2018,Sonora,26,59
6200089281,descargas_sin_tratamiento_lago,2020,Sonora,26,2
6200089281,descargas_sin_tratamiento_lago,2016,Tabasco,27,4
6200089281,descargas_sin_tratamiento_lago,2018,Tabasco,27,7
6200089281,descargas_sin_tratamiento_lago,2020,Tabasco,27,0
6200089281,descargas_sin_tratamiento_lago,2016,Tamaulipas,28,22
6200089281,descargas_sin_tratamiento_lago,2018,Tamaulipas,28,25
6200089281,descargas_sin_tratamiento_lago,2020,Tamaulipas,28,0
6200089281,descargas_sin_tratamiento_lago,2016,Tlaxcala,29,3
6200089281,descargas_sin_tratamiento_lago,2018,Tlaxcala,29,0
6200089281,descargas_sin_tratamiento_lago,2020,Tlaxcala,29,0
6200089281,descargas_sin_tratamiento_lago,2016,Veracruz,30,13
6200089281,descargas_sin_tratamiento_lago,2018,Veracruz,30,10
6200089281,descargas_sin_tratamiento_lago,2020,Veracruz,30,0
6200089281,descargas_sin_tratamiento_lago,2016,Yucatán,31,0
6200089281,descargas_sin_tratamiento_lago,2018,Yucatán,31,0
6200089281,descargas_sin_tratamiento_lago,2020,Yucatán,31,0
6200089281,descargas_sin_tratamiento_lago,2016,Zacatecas,32,3
6200089281,descargas_sin_tratamiento_lago,2018,Zacatecas,32,0
6200089281,descargas_sin_tratamiento_lago,2020,Zacatecas,32,0
6200093527,descargas_municipales_sin_tratamiento,2016,Aguascalientes,1,225
6200093527,descargas_municipales_sin_tratamiento,2018,Aguascalientes,1,132
6200093527,descargas_municipales_sin_tratamiento,2020,Aguascalientes,1,180
6200093527,descargas_municipales_sin_tratamiento,2016,Baja California,2,2
6200093527,descargas_municipales_sin_tratamiento,2018,Baja California,2,3
6200093527,descargas_municipales_sin_tratamiento,2020,Baja California,2,4
6200093527,descargas_municipales_sin_tratamiento,2016,Baja California Sur,3,3
6200093527,descargas_municipales_sin_tratamiento,2018,Baja California Sur,3,4
6200093527,descargas_municipales_sin_tratamiento,2020,Baja California Sur,3,2
6200093527,descargas_municipales_sin_tratamiento,2016,Campeche,4,1
6200093527,descargas_municipales_sin_tratamiento,2018,Campeche,4,0
6200093527,descargas_municipales_sin_tratamiento,2020,Campeche,4,1
6200093527,descargas_municipales_sin_tratamiento,2016,Coahuila,5,40
6200093527,descargas_municipales_sin_tratamiento,2018,Coahuila,5,37
6200093527,descargas_municipales_sin_tratamiento,2020,Coahuila,5,37
6200093527,descargas_municipales_sin_tratamiento,2016,Colima,6,9
6200093527,descargas_municipales_sin_tratamiento,2018,Colima,6,2
6200093527,descargas_municipales_sin_tratamiento,2020,Colima,6,2
6200093527,descargas_municipales_sin_tratamiento,2016,Chiapas,7,217
6200093527,descargas_municipales_sin_tratamiento,2018,Chiapas,7,245
6200093527,descargas_municipales_sin_tratamiento,2020,Chiapas,7,294
6200093527,descargas_municipales_sin_tratamiento,2016,Chihuahua,8,100
6200093527,descargas_municipales_sin_tratamiento,2018,Chihuahua,8,40
6200093527,descargas_municipales_sin_tratamiento,2020,Chihuahua,8,24
6200093527,descargas_municipales_sin_tratamiento,2016,Ciudad de México,9,62
6200093527,descargas_municipales_sin_tratamiento,2018,Ciudad de México,9,62
6200093527,descargas_municipales_sin_tratamiento,2020,Ciudad de México,9,65
6200093527,descargas_municipales_sin_tratamiento,2016,Durango,10,8
6200093527,descargas_municipales_sin_tratamiento,2018,Durango,10,10
6200093527,descargas_municipales_sin_tratamiento,2020,Durango,10,19
6200093527,descargas_municipales_sin_tratamiento,2016,Guanajuato,11,42
6200093527,descargas_municipales_sin_tratamiento,2018,Guanajuato,11,34
6200093527,descargas_municipales_sin_tratamiento,2020,Guanajuato,11,49
6200093527,descargas_municipales_sin_tratamiento,2016,Guerrero,12,171
6200093527,descargas_municipales_sin_tratamiento,2018,Guerrero,12,207
6200093527,descargas_municipales_sin_tratamiento,2020,Guerrero,12,236
6200093527,descargas_municipales_sin_tratamiento,2016,Hidalgo,13,504
6200093527,descargas_municipales_sin_tratamiento,2018,Hidalgo,13,458
6200093527,descargas_municipales_sin_tratamiento,2020,Hidalgo,13,498
6200093527,descargas_municipales_sin_tratamiento,2016,Jalisco,14,471
6200093527,descargas_municipales_sin_tratamiento,2018,Jalisco,14,459
6200093527,descargas_municipales_sin_tratamiento,2020,Jalisco,14,443
6200093527,descargas_municipales_sin_tratamiento,2016,Estado de México,15,632
6200093527,descargas_municipales_sin_tratamiento,2018,Estado de México,15,629
6200093527,descargas_municipales_sin_tratamiento,2020,Estado de México,15,706
6200093527,descargas_municipales_sin_tratamiento,2016,Michoacán,16,288
6200093527,descargas_municipales_sin_tratamiento,2018,Michoacán,16,332
6200093527,descargas_municipales_sin_tratamiento,2020,Michoacán,16,372
6200093527,descargas_municipales_sin_tratamiento,2016,Morelos,17,112
6200093527,descargas_municipales_sin_tratamiento,2018,Morelos,17,100
6200093527,descargas_municipales_sin_tratamiento,2020,Morelos,17,106
6200093527,descargas_municipales_sin_tratamiento,2016,Nayarit,18,46
6200093527,descargas_municipales_sin_tratamiento,2018,Nayarit,18,13
6200093527,descargas_municipales_sin_tratamiento,2020,Nayarit,18,8
6200093527,descargas_municipales_sin_tratamiento,2016,Nuevo León,19,0
6200093527,descargas_municipales_sin_tratamiento,2018,Nuevo León,19,1
6200093527,descargas_municipales_sin_tratamiento,2020,Nuevo León,19,0
6200093527,descargas_municipales_sin_tratamiento,2016,Oaxaca,20,249
6200093527,descargas_municipales_sin_tratamiento,2018,Oaxaca,20,244
6200093527,descargas_municipales_sin_tratamiento,2020,Oaxaca,20,265
6200093527,descargas_municipales_sin_tratamiento,2016,Puebla,21,436
6200093527,descargas_municipales_sin_tratamiento,2018,Puebla,21,292
6200093527,descargas_municipales_sin_tratamiento,2020,Puebla,21,435
6200093527,descargas_municipales_sin_tratamiento,2016,Querétaro,22,100
6200093527,descargas_municipales_sin_tratamiento,2018,Querétaro,22,95
6200093527,descargas_municipales_sin_tratamiento,2020,Querétaro,22,77
6200093527,descargas_municipales_sin_tratamiento,2016,Quintana Roo,23,0
6200093527,descargas_municipales_sin_tratamiento,2018,Quintana Roo,23,0
6200093527,descargas_municipales_sin_tratamiento,2020,Quintana Roo,23,1
6200093527,descargas_municipales_sin_tratamiento,2016,San Luis Potosí,24,145
6200093527,descargas_municipales_sin_tratamiento,2018,San Luis Potosí,24,132
6200093527,descargas_municipales_sin_tratamiento,2020,San Luis Potosí,24,154
6200093527,descargas_municipales_sin_tratamiento,2016,Sinaloa,25,140
6200093527,descargas_municipales_sin_tratamiento,2018,Sinaloa,25,178
6200093527,descargas_municipales_sin_tratamiento,2020,Sinaloa,25,157
6200093527,descargas_municipales_sin_tratamiento,2016,Sonora,26,172
6200093527,descargas_municipales_sin_tratamiento,2018,Sonora,26,115
6200093527,descargas_municipales_sin_tratamiento,2020,Sonora,26,164
6200093527,descargas_municipales_sin_tratamiento,2016,Tabasco,27,170
6200093527,descargas_municipales_sin_tratamiento,2018,Tabasco,27,156
6200093527,descargas_municipales_sin_tratamiento,2020,Tabasco,27,207
6200093527,descargas_municipales_sin_tratamiento,2016,Tamaulipas,28,81
6200093527,descargas_municipales_sin_tratamiento,2018,Tamaulipas,28,84
6200093527,descargas_municipales_sin_tratamiento,2020,Tamaulipas,28,90
6200093527,descargas_municipales_sin_tratamiento,2016,Tlaxcala,29,252
6200093527,descargas_municipales_sin_tratamiento,2018,Tlaxcala,29,382
6200093527,descargas_municipales_sin_tratamiento,2020,Tlaxcala,29,365
6200093527,descargas_municipales_sin_tratamiento,2016,Veracruz,30,302
6200093527,descargas_municipales_sin_tratamiento,2018,Veracruz,30,352
6200093527,descargas_municipales_sin_tratamiento,2020,Veracruz,30,562
6200093527,descargas_municipales_sin_tratamiento,2016,Yucatán,31,0
6200093527,descargas_municipales_sin_tratamiento,2018,Yucatán,31,1
6200093527,descargas_municipales_sin_tratamiento,2020,Yucatán,31,0
6200093527,descargas_municipales_sin_tratamiento,2016,Zacatecas,32,182
6200093527,descargas_municipales_sin_tratamiento,2018,Zacatecas,32,202
6200093527,descargas_municipales_sin_tratamiento,2020,Zacatecas,32,329
6200093528,tomas_abastecimiento_publico,2016,Aguascalientes,1,507
6200093528,tomas_abastecimiento_publico,2018,Aguascalientes,1,502
6200093528,tomas_abastecimiento_publico,2020,Aguascalientes,1,501
6200093528,tomas_abastecimiento_publico,2016,Baja California,2,123
6200093528,tomas_abastecimiento_publico,2018,Baja California,2,121
6200093528,tomas_abastecimiento_publico,2020,Baja California,2,126
6200093528,tomas_abastecimiento_publico,2016,Baja California Sur,3,161
6200093528,tomas_abastecimiento_publico,2018,Baja California Sur,3,157
6200093528,tomas_abastecimiento_publico,2020,Baja California Sur,3,166
6200093528,tomas_abastecimiento_publico,2016,Campeche,4,556
6200093528,tomas_abastecimiento_publico,2018,Campeche,4,520
6200093528,tomas_abastecimiento_publico,2020,Campeche,4,529
6200093528,tomas_abastecimiento_publico,2016,Coahuila,5,378
6200093528,tomas_abastecimiento_publico,2018,Coahuila,5,383
6200093528,tomas_abastecimiento_publico,2020,Coahuila,5,399
6200093528,tomas_abastecimiento_publico,2016,Colima,6,331
6200093528,tomas_abastecimiento_publico,2018,Colima,6,343
6200093528,tomas_abastecimiento_publico,2020,Colima,6,355
6200093528,tomas_abastecimiento_publico,2016,Chiapas,7,368
6200093528,tomas_abastecimiento_publico,2018,Chiapas,7,374
6200093528,tomas_abastecimiento_publico,2020,Chiapas,7,453
6200093528,tomas_abastecimiento_publico,2016,Chihuahua,8,991
6200093528,tomas_abastecimiento_publico,2018,Chihuahua,8,801
6200093528,tomas_abastecimiento_publico,2020,Chihuahua,8,871
6200093528,tomas_abastecimiento_publico,2016,Ciudad de México,9,998
6200093528,tomas_abastecimiento_publico,2018,Ciudad de México,9,560
6200093528,tomas_abastecimiento_publico,2020,Ciudad de México,9,514
6200093528,tomas_abastecimiento_publico,2016,Durango,10,292
6200093528,tomas_abastecimiento_publico,2018,Durango,10,296
6200093528,tomas_abastecimiento_publico,2020,Durango,10,349
6200093528,tomas_abastecimiento_publico,2016,Guanajuato,11,708
6200093528,tomas_abastecimiento_publico,2018,Guanajuato,11,828
6200093528,tomas_abastecimiento_publico,2020,Guanajuato,11,829
6200093528,tomas_abastecimiento_publico,2016,Guerrero,12,395
6200093528,tomas_abastecimiento_publico,2018,Guerrero,12,486
6200093528,tomas_abastecimiento_publico,2020,Guerrero,12,516
6200093528,tomas_abastecimiento_publico,2016,Hidalgo,13,1027
6200093528,tomas_abastecimiento_publico,2018,Hidalgo,13,1113
6200093528,tomas_abastecimiento_publico,2020,Hidalgo,13,1156
6200093528,tomas_abastecimiento_publico,2016,Jalisco,14,1736
6200093528,tomas_abastecimiento_publico,2018,Jalisco,14,1830
6200093528,tomas_abastecimiento_publico,2020,Jalisco,14,1941
6200093528,tomas_abastecimiento_publico,2016,Estado de México,15,1286
6200093528,tomas_abastecimiento_publico,2018,Estado de México,15,1489
6200093528,tomas_abastecimiento_publico,2020,Estado de México,15,1633
6200093528,tomas_abastecimiento_publico,2016,Michoacán,16,698
6200093528,tomas_abastecimiento_publico,2018,Michoacán,16,732
6200093528,tomas_abastecimiento_publico,2020,Michoacán,16,764
6200093528,tomas_abastecimiento_publico,2016,Morelos,17,493
6200093528,tomas_abastecimiento_publico,2018,Morelos,17,553
6200093528,tomas_abastecimiento_publico,2020,Morelos,17,560
6200093528,tomas_abastecimiento_publico,2016,Nayarit,18,400
6200093528,tomas_abastecimiento_publico,2018,Nayarit,18,438
6200093528,tomas_abastecimiento_publico,2020,Nayarit,18,480
6200093528,tomas_abastecimiento_publico,2016,Nuevo León,19,428
6200093528,tomas_abastecimiento_publico,2018,Nuevo León,19,362
6200093528,tomas_abastecimiento_publico,2020,Nuevo León,19,424
6200093528,tomas_abastecimiento_publico,2016,Oaxaca,20,1445
6200093528,tomas_abastecimiento_publico,2018,Oaxaca,20,1517
6200093528,tomas_abastecimiento_publico,2020,Oaxaca,20,1637
6200093528,tomas_abastecimiento_publico,2016,Puebla,21,1040
6200093528,tomas_abastecimiento_publico,2018,Puebla,21,903
6200093528,tomas_abastecimiento_publico,2020,Puebla,21,1100
6200093528,tomas_abastecimiento_publico,2016,Querétaro,22,327
6200093528,tomas_abastecimiento_publico,2018,Querétaro,22,330
6200093528,tomas_abastecimiento_publico,2020,Querétaro,22,324
6200093528,tomas_abastecimiento_publico,2016,Quintana Roo,23,683
6200093528,tomas_abastecimiento_publico,2018,Quintana Roo,23,681
6200093528,tomas_abastecimiento_publico,2020,Quintana Roo,23,694
6200093528,tomas_abastecimiento_publico,2016,San Luis Potosí,24,305
6200093528,tomas_abastecimiento_publico,2018,San Luis Potosí,24,361
6200093528,tomas_abastecimiento_publico,2020,San Luis Potosí,24,331
6200093528,tomas_abastecimiento_publico,2016,Sinaloa,25,796
6200093528,tomas_abastecimiento_publico,2018,Sinaloa,25,840
6200093528,tomas_abastecimiento_publico,2020,Sinaloa,25,811
6200093528,tomas_abastecimiento_publico,2016,Sonora,26,598
6200093528,tomas_abastecimiento_publico,2018,Sonora,26,709
6200093528,tomas_abastecimiento_publico,2020,Sonora,26,769
6200093528,tomas_abastecimiento_publico,2016,Tabasco,27,799
6200093528,tomas_abastecimiento_publico,2018,Tabasco,27,803
6200093528,tomas_abastecimiento_publico,2020,Tabasco,27,793
6200093528,tomas_abastecimiento_publico,2016,Tamaulipas,28,137
6200093528,tomas_abastecimiento_publico,2018,Tamaulipas,28,180
6200093528,tomas_abastecimiento_publico,2020,Tamaulipas,28,179
6200093528,tomas_abastecimiento_publico,2016,Tlaxcala,29,326
6200093528,tomas_abastecimiento_publico,2018,Tlaxcala,29,487
6200093528,tomas_abastecimiento_publico,2020,Tlaxcala,29,496
6200093528,tomas_abastecimiento_publico,2016,Veracruz,30,790
6200093528,tomas_abastecimiento_publico,2018,Veracruz,30,987
6200093528,tomas_abastecimiento_publico,2020,Veracruz,30,1207
6200093528,tomas_abastecimiento_publico,2016,Yucatán,31,1221
6200093528,tomas_abastecimiento_publico,2018,Yucatán,31,1228
6200093528,tomas_abastecimiento_publico,2020,Yucatán,31,1276
6200093528,tomas_abastecimiento_publico,2016,Zacatecas,32,551
6200093528,tomas_abastecimiento_publico,2018,Zacatecas,32,814
6200093528,tomas_abastecimiento_publico,2020,Zacatecas,32,1088
